,YEAR,MONTH,DAY,HOUR,CNT
0,2020,8,7,8,66
30,2020,8,7,9,47
46,2020,8,7,10,72
75,2020,8,7,11,30
85,2020,8,7,12,37
96,2020,8,7,13,7
98,2020,8,7,14,25
106,2020,8,7,15,36
118,2020,8,7,16,45
132,2020,8,7,17,6
371,2020,8,10,8,99
416,2020,8,10,9,61
440,2020,8,10,10,81
467,2020,8,10,11,32
479,2020,8,10,12,60
493,2020,8,10,13,44
505,2020,8,10,14,63
522,2020,8,10,15,53
540,2020,8,10,16,53
733,2020,8,10,17,3
920,2020,8,11,8,91
962,2020,8,11,9,74
988,2020,8,11,10,107
1021,2020,8,11,11,108
1046,2020,8,11,12,32
1054,2020,8,11,13,46
1068,2020,8,11,14,20
1074,2020,8,11,15,46
1091,2020,8,11,16,34
1478,2020,8,12,8,58
1501,2020,8,12,9,77
1530,2020,8,12,10,83
1556,2020,8,12,11,64
1582,2020,8,12,12,57
1599,2020,8,12,13,31
1610,2020,8,12,14,36
1623,2020,8,12,15,30
1632,2020,8,12,16,36
1950,2020,8,13,8,60
1976,2020,8,13,9,142
2034,2020,8,13,10,69
2060,2020,8,13,11,63
2084,2020,8,13,12,47
2102,2020,8,13,13,36
2114,2020,8,13,14,40
2127,2020,8,13,15,57
2145,2020,8,13,16,38
2313,2020,8,13,18,6
2508,2020,8,14,8,85
2535,2020,8,14,9,73
2564,2020,8,14,10,42
2581,2020,8,14,11,51
2600,2020,8,14,12,23
2606,2020,8,14,13,19
2613,2020,8,14,14,47
2625,2020,8,14,15,42
2637,2020,8,14,16,33
2647,2020,8,14,17,4
2927,2020,8,18,8,117
2977,2020,8,18,9,96
3010,2020,8,18,10,68
3030,2020,8,18,11,101
3055,2020,8,18,12,63
3071,2020,8,18,13,26
3078,2020,8,18,14,44
3094,2020,8,18,15,22
3102,2020,8,18,16,10
3106,2020,8,18,17,8
3482,2020,8,19,8,76
3514,2020,8,19,9,63
3537,2020,8,19,10,75
3565,2020,8,19,11,106
3600,2020,8,19,12,38
3610,2020,8,19,13,37
3626,2020,8,19,14,32
3636,2020,8,19,15,24
3646,2020,8,19,16,20
3652,2020,8,19,20,96
4024,2020,8,19,17,1
4050,2020,8,20,8,94
4093,2020,8,20,9,57
4114,2020,8,20,10,85
4145,2020,8,20,11,87
4169,2020,8,20,12,38
4179,2020,8,20,13,10
4183,2020,8,20,14,43
4200,2020,8,20,15,41
4210,2020,8,20,16,56
4561,2020,8,21,8,122
4607,2020,8,21,9,87
4633,2020,8,21,10,54
4656,2020,8,21,11,39
4669,2020,8,21,12,29
4681,2020,8,21,13,26
4687,2020,8,21,14,33
4697,2020,8,21,15,44
4712,2020,8,21,16,29
5024,2020,8,24,8,77
5059,2020,8,24,9,158
5113,2020,8,24,10,102
5148,2020,8,24,11,81
5188,2020,8,24,12,34
5196,2020,8,24,13,34
5204,2020,8,24,14,45
5217,2020,8,24,15,67
5238,2020,8,24,16,12
5323,2020,8,24,17,4
5638,2020,8,25,8,95
5676,2020,8,25,9,82
5702,2020,8,25,10,65
5719,2020,8,25,11,87
5752,2020,8,25,12,55
5767,2020,8,25,13,22
5778,2020,8,25,14,33
5788,2020,8,25,15,50
5803,2020,8,25,16,35
6162,2020,8,26,8,55
6187,2020,8,26,9,25
6195,2020,8,26,10,7
6198,2020,8,26,11,50
6220,2020,8,26,12,62
6237,2020,8,26,13,23
6247,2020,8,26,14,49
6267,2020,8,26,15,63
6289,2020,8,26,16,33
6299,2020,8,26,17,6
6535,2020,8,27,8,108
6582,2020,8,27,9,74
6610,2020,8,27,10,61
6634,2020,8,27,11,43
6652,2020,8,27,12,31
6663,2020,8,27,13,20
6669,2020,8,27,14,63
6688,2020,8,27,15,40
6699,2020,8,27,16,26
6707,2020,8,27,17,6
7007,2020,8,28,8,77
7041,2020,8,28,9,62
7065,2020,8,28,10,54
7086,2020,8,28,11,32
7097,2020,8,28,12,31
7106,2020,8,28,13,18
7112,2020,8,28,14,20
7120,2020,8,28,15,19
7126,2020,8,28,16,34
7354,2020,8,31,8,96
7389,2020,8,31,9,129
7451,2020,8,31,10,109
7490,2020,8,31,11,72
7515,2020,8,31,12,30
7524,2020,8,31,13,18
7532,2020,8,31,14,43
7548,2020,8,31,15,81
7572,2020,8,31,16,69
7589,2020,8,31,17,13
8014,2020,9,1,8,106
8052,2020,9,1,9,55
8068,2020,9,1,10,114
8107,2020,9,1,11,104
8138,2020,9,1,12,39
8150,2020,9,1,13,23
8159,2020,9,1,14,38
8175,2020,9,1,15,46
8191,2020,9,1,16,32
8202,2020,9,1,17,2
8573,2020,9,2,8,88
8607,2020,9,2,9,50
8621,2020,9,2,10,70
8643,2020,9,2,11,46
8662,2020,9,2,12,38
8675,2020,9,2,13,25
8685,2020,9,2,14,27
8695,2020,9,2,15,26
8702,2020,9,2,16,39
8982,2020,9,3,8,117
9029,2020,9,3,9,68
9048,2020,9,3,10,72
9076,2020,9,3,11,58
9094,2020,9,3,12,22
9103,2020,9,3,13,30
9113,2020,9,3,14,58
9133,2020,9,3,15,41
9144,2020,9,3,16,20
9338,2020,9,3,17,1
9469,2020,9,4,8,73
9498,2020,9,4,9,65
9524,2020,9,4,10,80
9557,2020,9,4,11,25
9567,2020,9,4,12,9
9571,2020,9,4,13,20
9580,2020,9,4,14,16
9588,2020,9,4,15,11
9591,2020,9,4,17,1
9769,2020,9,7,8,137
9818,2020,9,7,10,30
9827,2020,9,7,11,55
9839,2020,9,7,12,53
9858,2020,9,7,13,24
9867,2020,9,7,14,65
9894,2020,9,7,15,52
9909,2020,9,7,16,50
9924,2020,9,7,17,4
9977,2020,9,7,9,1
10240,2020,9,8,8,105
10291,2020,9,8,9,75
10323,2020,9,8,10,88
10352,2020,9,8,11,71
10377,2020,9,8,12,43
10393,2020,9,8,13,15
10397,2020,9,8,14,37
10409,2020,9,8,15,44
10420,2020,9,8,16,53
10433,2020,9,8,17,11
10782,2020,9,9,8,76
10815,2020,9,9,9,92
10851,2020,9,9,10,84
10881,2020,9,9,11,87
10913,2020,9,9,12,54
10930,2020,9,9,13,16
10933,2020,9,9,14,83
10963,2020,9,9,15,36
10973,2020,9,9,16,49
10989,2020,9,9,17,9
11368,2020,9,10,8,92
11411,2020,9,10,9,110
11453,2020,9,10,10,63
11473,2020,9,10,11,80
11501,2020,9,10,12,64
11520,2020,9,10,13,11
11523,2020,9,10,14,42
11537,2020,9,10,15,59
11558,2020,9,10,16,41
11569,2020,9,10,17,1
11931,2020,9,11,8,89
11972,2020,9,11,9,73
12004,2020,9,11,10,62
12027,2020,9,11,11,67
12046,2020,9,11,12,46
12062,2020,9,11,13,17
12068,2020,9,11,14,23
12075,2020,9,11,15,11
12079,2020,9,11,16,56
12375,2020,9,14,8,199
12453,2020,9,14,9,84
12484,2020,9,14,10,83
12513,2020,9,14,11,71
12534,2020,9,14,12,36
12549,2020,9,14,13,24
12561,2020,9,14,14,82
12588,2020,9,14,15,56
12604,2020,9,14,16,32
13042,2020,9,15,8,120
13085,2020,9,15,9,52
13101,2020,9,15,10,66
13127,2020,9,15,11,50
13147,2020,9,15,12,50
13166,2020,9,15,13,18
13171,2020,9,15,14,50
13187,2020,9,15,15,38
13194,2020,9,15,16,22
13508,2020,9,16,8,101
13551,2020,9,16,9,37
13565,2020,9,16,10,70
13590,2020,9,16,11,89
13620,2020,9,16,12,44
13633,2020,9,16,13,19
13640,2020,9,16,14,27
13648,2020,9,16,15,39
13659,2020,9,16,16,18
13666,2020,9,16,18,2
13701,2020,9,16,17,1
13955,2020,9,17,8,116
14004,2020,9,17,9,93
14043,2020,9,17,10,71
14072,2020,9,17,11,55
14084,2020,9,17,12,70
14112,2020,9,17,13,13
14119,2020,9,17,14,39
14129,2020,9,17,15,35
14141,2020,9,17,16,25
14290,2020,9,17,17,6
14478,2020,9,18,8,98
14514,2020,9,18,9,53
14532,2020,9,18,10,71
14561,2020,9,18,11,30
14570,2020,9,18,12,72
14588,2020,9,18,13,16
14593,2020,9,18,14,54
14611,2020,9,18,15,51
14625,2020,9,18,16,25
14631,2020,9,18,17,9
14957,2020,9,21,8,184
15040,2020,9,21,9,101
15080,2020,9,21,10,75
15109,2020,9,21,11,49
15125,2020,9,21,13,21
15131,2020,9,21,14,50
15146,2020,9,21,15,48
15158,2020,9,21,16,51
15174,2020,9,21,17,3
15189,2020,9,21,12,2
15541,2020,9,22,8,123
15584,2020,9,22,9,63
15609,2020,9,22,10,73
15632,2020,9,22,11,76
15655,2020,9,22,12,87
15686,2020,9,22,13,35
15697,2020,9,22,14,42
15710,2020,9,22,15,31
15717,2020,9,22,16,10
16081,2020,9,23,8,97
16122,2020,9,23,9,36
16135,2020,9,23,10,62
16153,2020,9,23,11,57
16172,2020,9,23,12,37
16183,2020,9,23,13,32
16194,2020,9,23,14,23
16202,2020,9,23,15,20
16210,2020,9,23,16,35
16480,2020,9,24,8,113
16534,2020,9,24,9,73
16560,2020,9,24,10,106
16593,2020,9,24,11,62
16613,2020,9,24,12,52
16622,2020,9,24,13,19
16629,2020,9,24,14,47
16643,2020,9,24,15,49
16653,2020,9,24,16,9
16657,2020,9,24,17,27
16733,2020,9,24,20,92
16846,2020,9,24,18,30
17159,2020,9,25,8,118
17203,2020,9,25,9,46
17224,2020,9,25,10,81
17251,2020,9,25,11,43
17263,2020,9,25,12,22
17270,2020,9,25,13,15
17276,2020,9,25,14,40
17286,2020,9,25,15,18
17292,2020,9,25,16,37
17445,2020,9,25,17,1
17580,2020,9,28,8,207
17659,2020,9,28,9,115
17700,2020,9,28,10,81
17724,2020,9,28,11,85
17762,2020,9,28,12,31
17773,2020,9,28,13,34
17785,2020,9,28,14,51
17800,2020,9,28,15,57
17813,2020,9,28,16,39
17826,2020,9,28,17,2
18282,2020,9,29,7,1
18283,2020,9,29,8,98
18325,2020,9,29,9,82
18357,2020,9,29,10,85
18389,2020,9,29,11,74
18418,2020,9,29,12,40
18430,2020,9,29,13,23
18439,2020,9,29,14,25
18447,2020,9,29,15,39
18457,2020,9,29,16,27
18466,2020,9,29,17,9
18785,2020,10,5,8,147
18830,2020,10,5,10,63
18853,2020,10,5,11,45
18867,2020,10,5,12,31
18879,2020,10,5,13,81
18908,2020,10,5,14,49
18923,2020,10,5,15,63
18948,2020,10,5,16,7
18950,2020,10,5,17,15
19286,2020,10,6,8,121
19334,2020,10,6,9,121
19382,2020,10,6,10,73
19402,2020,10,6,11,109
19440,2020,10,6,12,53
19455,2020,10,6,13,66
19478,2020,10,6,14,27
19485,2020,10,6,15,37
19495,2020,10,6,16,32
19505,2020,10,6,17,9
19934,2020,10,7,8,109
19979,2020,10,7,9,75
20006,2020,10,7,10,70
20031,2020,10,7,11,52
20048,2020,10,7,12,60
20071,2020,10,7,13,33
20084,2020,10,7,14,39
20098,2020,10,7,15,27
20108,2020,10,7,16,46
20121,2020,10,7,17,7
20452,2020,10,8,8,156
20523,2020,10,8,9,62
20544,2020,10,8,10,59
20565,2020,10,8,11,83
20587,2020,10,8,12,49
20603,2020,10,8,13,15
20607,2020,10,8,14,20
20615,2020,10,8,15,34
20627,2020,10,8,16,36
20641,2020,10,8,17,3
20969,2020,10,12,8,183
21039,2020,10,12,9,193
21122,2020,10,12,10,97
21155,2020,10,12,11,65
21181,2020,10,12,12,65
21206,2020,10,12,13,36
21220,2020,10,12,14,33
21234,2020,10,12,15,44
21244,2020,10,12,16,67
21262,2020,10,12,17,13
21765,2020,10,13,8,108
21809,2020,10,13,9,99
21850,2020,10,13,10,81
21876,2020,10,13,11,97
21906,2020,10,13,12,70
21928,2020,10,13,13,25
21938,2020,10,13,14,31
21948,2020,10,13,15,47
21960,2020,10,13,16,35
21970,2020,10,13,17,7
22365,2020,10,14,8,97
22398,2020,10,14,9,57
22421,2020,10,14,10,64
22443,2020,10,14,11,72
22470,2020,10,14,12,66
22492,2020,10,14,13,25
22500,2020,10,14,14,56
22517,2020,10,14,15,52
22535,2020,10,14,16,30
22547,2020,10,14,17,10
22894,2020,10,15,8,149
22958,2020,10,15,9,110
23006,2020,10,15,10,61
23035,2020,10,15,11,64
23057,2020,10,15,12,40
23072,2020,10,15,13,33
23084,2020,10,15,14,42
23096,2020,10,15,15,43
23111,2020,10,15,16,19
23118,2020,10,15,17,11
23466,2020,10,16,8,112
23515,2020,10,16,9,59
23546,2020,10,16,10,72
23578,2020,10,16,11,69
23600,2020,10,16,12,50
23617,2020,10,16,13,28
23626,2020,10,16,14,30
23636,2020,10,16,15,39
23648,2020,10,16,16,44
23661,2020,10,16,17,4
23973,2020,10,19,8,236
24072,2020,10,19,9,90
24111,2020,10,19,10,84
24145,2020,10,19,11,68
24171,2020,10,19,12,61
24192,2020,10,19,13,40
24210,2020,10,19,14,36
24222,2020,10,19,15,76
24247,2020,10,19,16,61
24264,2020,10,19,17,3
24728,2020,10,20,8,44
24745,2020,10,20,9,110
24787,2020,10,20,10,86
24820,2020,10,20,11,99
24855,2020,10,20,12,59
24872,2020,10,20,13,18
24878,2020,10,20,14,55
24895,2020,10,20,15,39
24909,2020,10,20,16,26
25264,2020,10,21,8,78
25301,2020,10,21,9,73
25331,2020,10,21,10,82
25356,2020,10,21,11,53
25374,2020,10,21,12,35
25389,2020,10,21,13,25
25398,2020,10,21,14,64
25418,2020,10,21,15,23
25424,2020,10,21,16,12
25709,2020,10,22,8,127
25763,2020,10,22,9,182
25839,2020,10,22,10,67
25867,2020,10,22,11,88
25890,2020,10,22,12,34
25903,2020,10,22,13,36
25917,2020,10,22,14,28
25924,2020,10,22,15,35
25936,2020,10,22,16,39
25946,2020,10,22,17,5
26350,2020,10,23,8,86
26384,2020,10,23,9,66
26406,2020,10,23,10,63
26426,2020,10,23,11,59
26445,2020,10,23,12,41
26454,2020,10,23,13,17
26460,2020,10,23,14,30
26471,2020,10,23,15,27
26475,2020,10,23,16,63
26802,2020,10,26,8,184
26870,2020,10,26,9,133
26918,2020,10,26,10,68
26943,2020,10,26,11,39
26958,2020,10,26,12,28
26969,2020,10,26,13,13
26976,2020,10,26,14,48
26992,2020,10,26,15,59
27008,2020,10,26,16,38
27021,2020,10,26,17,20
27432,2020,10,27,8,161
27495,2020,10,27,9,90
27531,2020,10,27,10,101
27568,2020,10,27,11,73
27591,2020,10,27,12,47
27607,2020,10,27,13,30
27615,2020,10,27,14,30
27628,2020,10,27,15,56
27645,2020,10,27,16,23
28043,2020,10,28,8,89
28077,2020,10,28,9,70
28106,2020,10,28,10,83
28139,2020,10,28,11,84
28169,2020,10,28,12,53
28184,2020,10,28,13,18
28192,2020,10,28,14,29
28202,2020,10,28,15,60
28219,2020,10,28,16,33
28562,2020,10,29,8,148
28625,2020,10,29,9,83
28656,2020,10,29,10,108
28689,2020,10,29,11,91
28716,2020,10,29,12,36
28728,2020,10,29,13,19
28735,2020,10,29,14,33
28749,2020,10,29,15,29
28757,2020,10,29,16,20
29129,2020,10,30,8,114
29174,2020,10,30,9,72
29203,2020,10,30,10,58
29223,2020,10,30,11,30
29237,2020,10,30,12,19
29243,2020,10,30,13,12
29247,2020,10,30,14,9
29251,2020,10,30,15,14
29255,2020,10,30,16,19
29300,2020,10,30,17,3
29479,2020,11,2,8,202
29561,2020,11,2,9,180
29638,2020,11,2,10,88
29675,2020,11,2,11,68
29700,2020,11,2,12,63
29725,2020,11,2,13,72
29753,2020,11,2,14,52
29771,2020,11,2,15,77
29797,2020,11,2,16,44
30325,2020,11,3,8,153
30391,2020,11,3,9,110
30434,2020,11,3,10,70
30455,2020,11,3,11,77
30479,2020,11,3,12,85
30510,2020,11,3,13,39
30522,2020,11,3,14,39
30534,2020,11,3,15,40
30544,2020,11,3,16,23
30961,2020,11,4,8,100
31008,2020,11,4,9,89
31041,2020,11,4,10,49
31059,2020,11,4,11,62
31077,2020,11,4,12,65
31100,2020,11,4,13,29
31110,2020,11,4,14,32
31120,2020,11,4,15,45
31136,2020,11,4,16,36
31149,2020,11,4,17,13
31481,2020,11,5,8,134
31540,2020,11,5,9,111
31590,2020,11,5,10,85
31617,2020,11,5,11,92
31641,2020,11,5,12,19
31648,2020,11,5,13,10
31651,2020,11,5,14,36
31662,2020,11,5,15,50
31675,2020,11,5,16,24
32042,2020,11,6,8,101
32096,2020,11,6,9,46
32116,2020,11,6,10,67
32145,2020,11,6,11,44
32162,2020,11,6,12,24
32168,2020,11,6,13,20
32176,2020,11,6,14,47
32190,2020,11,6,15,28
32200,2020,11,6,16,26
32445,2020,11,9,8,200
32518,2020,11,9,9,121
32566,2020,11,9,10,72
32594,2020,11,9,11,40
32607,2020,11,9,12,41
32625,2020,11,9,13,26
32637,2020,11,9,14,41
32652,2020,11,9,15,53
32671,2020,11,9,16,60
32685,2020,11,9,17,25
33124,2020,11,10,8,92
33163,2020,11,10,9,101
33202,2020,11,10,10,106
33234,2020,11,10,11,73
33259,2020,11,10,12,48
33273,2020,11,10,13,32
33285,2020,11,10,14,46
33299,2020,11,10,15,59
33312,2020,11,10,16,30
33321,2020,11,10,17,6
33717,2020,11,11,8,150
33772,2020,11,11,9,65
33801,2020,11,11,10,51
33820,2020,11,11,11,89
33851,2020,11,11,12,39
33864,2020,11,11,13,38
33881,2020,11,11,14,47
33896,2020,11,11,15,47
33910,2020,11,11,16,51
33923,2020,11,11,17,2
34296,2020,11,12,8,117
34349,2020,11,12,9,120
34399,2020,11,12,10,80
34428,2020,11,12,11,96
34458,2020,11,12,12,35
34472,2020,11,12,13,9
34476,2020,11,12,14,31
34486,2020,11,12,15,66
34506,2020,11,12,16,40
34519,2020,11,12,17,4
34894,2020,11,13,8,136
34951,2020,11,13,9,90
34988,2020,11,13,10,87
35017,2020,11,13,11,60
35038,2020,11,13,12,33
35050,2020,11,13,13,18
35058,2020,11,13,14,34
35067,2020,11,13,15,31
35075,2020,11,13,16,30
35082,2020,11,13,17,3
35416,2020,11,16,8,189
35500,2020,11,16,9,140
35553,2020,11,16,10,85
35584,2020,11,16,11,52
35610,2020,11,16,12,37
35625,2020,11,16,13,37
35638,2020,11,16,14,52
35655,2020,11,16,15,61
35672,2020,11,16,16,44
35689,2020,11,16,17,11
36124,2020,11,17,8,104
36169,2020,11,17,9,100
36210,2020,11,17,10,87
36240,2020,11,17,11,87
36270,2020,11,17,12,52
36288,2020,11,17,13,18
36292,2020,11,17,14,27
36299,2020,11,17,15,20
36305,2020,11,17,16,31
36315,2020,11,17,17,5
36655,2020,11,18,8,83
36683,2020,11,18,9,82
36715,2020,11,18,10,83
36748,2020,11,18,11,107
36781,2020,11,18,12,14
36787,2020,11,18,13,31
36801,2020,11,18,14,44
36815,2020,11,18,15,40
36825,2020,11,18,16,41
37180,2020,11,19,8,125
37230,2020,11,19,9,101
37278,2020,11,19,10,64
37302,2020,11,19,11,66
37328,2020,11,19,12,23
37338,2020,11,19,13,30
37350,2020,11,19,14,45
37364,2020,11,19,15,36
37375,2020,11,19,16,38
37708,2020,11,20,8,114
37759,2020,11,20,9,80
37799,2020,11,20,10,85
37832,2020,11,20,11,58
37853,2020,11,20,12,46
37873,2020,11,20,13,24
37881,2020,11,20,14,27
37888,2020,11,20,15,49
37903,2020,11,20,16,54
37919,2020,11,20,17,6
38251,2020,11,23,8,155
38327,2020,11,23,9,110
38371,2020,11,23,10,82
38398,2020,11,23,11,30
38412,2020,11,23,12,37
38423,2020,11,23,13,34
38436,2020,11,23,14,78
38457,2020,11,23,15,81
38486,2020,11,23,16,65
38504,2020,11,23,17,14
38937,2020,11,24,8,110
38985,2020,11,24,9,101
39022,2020,11,24,10,69
39044,2020,11,24,11,69
39065,2020,11,24,12,28
39077,2020,11,24,13,31
39088,2020,11,24,14,36
39099,2020,11,24,15,49
39116,2020,11,24,16,16
39120,2020,11,24,17,6
39452,2020,11,25,8,113
39498,2020,11,25,9,59
39520,2020,11,25,10,61
39538,2020,11,25,11,71
39564,2020,11,25,12,39
39580,2020,11,25,13,32
39594,2020,11,25,14,36
39608,2020,11,25,15,24
39616,2020,11,25,16,50
39637,2020,11,25,17,4
39941,2020,11,26,8,164
40019,2020,11,26,9,81
40058,2020,11,26,10,103
40097,2020,11,26,11,70
40120,2020,11,26,12,38
40133,2020,11,26,13,25
40141,2020,11,26,14,16
40148,2020,11,26,15,25
40158,2020,11,26,16,37
40170,2020,11,26,17,8
40508,2020,11,27,8,78
40545,2020,11,27,9,73
40574,2020,11,27,10,43
40587,2020,11,27,11,28
40598,2020,11,27,12,12
40601,2020,11,27,13,16
40605,2020,11,27,14,28
40614,2020,11,27,15,49
40625,2020,11,27,16,13
40848,2020,11,30,8,175
40925,2020,11,30,9,139
40984,2020,11,30,10,56
41006,2020,11,30,11,58
41029,2020,11,30,12,42
41047,2020,11,30,13,38
41062,2020,11,30,14,48
41080,2020,11,30,15,115
41118,2020,11,30,16,24
41128,2020,11,30,17,4
41547,2020,12,1,8,61
41578,2020,12,1,9,187
41657,2020,12,1,10,87
41689,2020,12,1,11,85
41720,2020,12,1,12,47
41733,2020,12,1,13,23
41743,2020,12,1,14,36
41756,2020,12,1,15,21
41763,2020,12,1,16,23
41773,2020,12,1,17,13
42130,2020,12,2,8,91
42164,2020,12,2,9,134
42213,2020,12,2,10,84
42242,2020,12,2,11,58
42266,2020,12,2,12,63
42285,2020,12,2,13,47
42306,2020,12,2,14,33
42318,2020,12,2,15,40
42332,2020,12,2,16,32
42342,2020,12,2,17,5
42717,2020,12,3,8,171
42797,2020,12,3,9,126
42854,2020,12,3,10,96
42887,2020,12,3,11,47
42902,2020,12,3,12,68
42926,2020,12,3,13,16
42932,2020,12,3,14,55
42951,2020,12,3,15,42
42965,2020,12,3,16,25
42972,2020,12,3,17,12
43375,2020,12,4,8,113
43424,2020,12,4,9,82
43461,2020,12,4,10,74
43488,2020,12,4,11,54
43507,2020,12,4,12,22
43514,2020,12,4,13,8
43516,2020,12,4,14,34
43527,2020,12,4,15,35
43541,2020,12,4,16,20
43817,2020,12,7,8,168
43898,2020,12,7,9,156
43956,2020,12,7,10,99
43992,2020,12,7,11,94
44023,2020,12,7,12,10
44027,2020,12,7,13,35
44041,2020,12,7,14,36
44056,2020,12,7,15,77
44082,2020,12,7,16,46
44099,2020,12,7,17,6
44544,2020,12,8,8,101
44586,2020,12,8,9,89
44619,2020,12,8,10,71
44649,2020,12,8,11,66
44676,2020,12,8,12,55
44693,2020,12,8,13,22
44700,2020,12,8,14,52
44717,2020,12,8,15,55
44737,2020,12,8,16,22
45077,2020,12,9,8,152
45139,2020,12,9,9,93
45177,2020,12,9,10,94
45210,2020,12,9,11,50
45227,2020,12,9,12,58
45249,2020,12,9,13,43
45267,2020,12,9,14,61
45287,2020,12,9,15,28
45299,2020,12,9,16,33
45311,2020,12,9,17,7
45696,2020,12,10,8,149
45748,2020,12,10,9,53
45770,2020,12,10,10,112
45805,2020,12,10,11,43
45822,2020,12,10,12,49
45840,2020,12,10,13,21
45847,2020,12,10,14,39
45861,2020,12,10,15,46
45875,2020,12,10,16,18
45881,2020,12,10,17,3
46229,2020,12,11,8,154
46296,2020,12,11,9,72
46327,2020,12,11,10,60
46349,2020,12,11,11,61
46373,2020,12,11,12,41
46388,2020,12,11,13,31
46400,2020,12,11,14,19
46409,2020,12,11,15,29
46417,2020,12,11,16,18
46714,2020,12,14,8,182
46794,2020,12,14,9,133
46855,2020,12,14,10,70
46886,2020,12,14,11,75
46914,2020,12,14,12,39
46928,2020,12,14,13,30
46942,2020,12,14,14,60
46965,2020,12,14,15,46
46977,2020,12,14,16,56
46994,2020,12,14,17,5
47410,2020,12,15,8,149
47471,2020,12,15,9,77
47508,2020,12,15,10,68
47535,2020,12,15,11,64
47557,2020,12,15,12,91
47579,2020,12,15,13,36
47589,2020,12,15,14,41
47603,2020,12,15,15,49
47619,2020,12,15,16,21
48006,2020,12,16,8,90
48039,2020,12,16,9,88
48076,2020,12,16,10,102
48115,2020,12,16,11,69
48144,2020,12,16,12,74
48172,2020,12,16,13,33
48187,2020,12,16,14,37
48201,2020,12,16,15,22
48209,2020,12,16,16,30
48367,2020,12,16,17,2
48553,2020,12,17,8,166
48632,2020,12,17,9,81
48665,2020,12,17,10,75
48689,2020,12,17,11,73
48713,2020,12,17,12,35
48723,2020,12,17,13,38
48736,2020,12,17,14,33
48747,2020,12,17,15,40
48758,2020,12,17,16,42
48771,2020,12,17,17,2
49138,2020,12,18,8,92
49180,2020,12,18,9,75
49212,2020,12,18,10,67
49238,2020,12,18,11,70
49265,2020,12,18,12,31
49280,2020,12,18,13,32
49290,2020,12,18,14,18
49298,2020,12,18,15,39
49309,2020,12,18,16,28
49590,2020,12,21,8,127
49643,2020,12,21,9,153
49700,2020,12,21,10,107
49735,2020,12,21,11,65
49763,2020,12,21,12,41
49778,2020,12,21,13,32
49794,2020,12,21,14,74
49824,2020,12,21,15,59
49838,2020,12,21,16,59
49853,2020,12,21,17,2
50309,2020,12,22,8,113
50359,2020,12,22,9,112
50406,2020,12,22,10,83
50434,2020,12,22,11,66
50456,2020,12,22,12,64
50480,2020,12,22,13,38
50492,2020,12,22,14,25
50502,2020,12,22,15,47
50516,2020,12,22,16,50
50907,2020,12,23,8,111
50944,2020,12,23,9,67
50972,2020,12,23,10,88
50998,2020,12,23,11,83
51023,2020,12,23,12,72
51046,2020,12,23,13,18
51056,2020,12,23,14,22
51065,2020,12,23,15,32
51079,2020,12,23,16,28
51428,2020,12,24,8,127
51484,2020,12,24,9,66
51506,2020,12,24,10,44
51524,2020,12,24,11,51
51545,2020,12,24,12,29
51555,2020,12,24,13,22
51563,2020,12,24,14,34
51575,2020,12,24,15,36
51588,2020,12,24,16,22
51595,2020,12,24,17,4
51863,2020,12,28,8,145
51920,2020,12,28,9,29
51930,2020,12,28,10,79
51957,2020,12,28,11,54
51978,2020,12,28,12,26
51989,2020,12,28,13,51
52014,2020,12,28,14,42
52028,2020,12,28,15,61
52048,2020,12,28,16,21
52371,2020,12,29,8,153
52436,2020,12,29,9,79
52468,2020,12,29,10,128
52507,2020,12,29,11,107
52545,2020,12,29,12,37
52559,2020,12,29,13,33
52569,2020,12,29,14,21
52577,2020,12,29,15,36
52591,2020,12,29,16,26
52599,2020,12,29,17,3
52994,2020,12,30,8,74
53022,2020,12,30,9,67
53054,2020,12,30,10,85
53087,2020,12,30,11,65
53113,2020,12,30,12,50
53132,2020,12,30,13,25
53148,2020,12,30,14,37
53160,2020,12,30,15,32
53175,2020,12,30,16,26
53180,2020,12,30,17,18
53473,2020,12,31,8,114
53522,2020,12,31,9,70
53546,2020,12,31,10,60
53565,2020,12,31,11,66
53588,2020,12,31,12,39
53600,2020,12,31,13,14
53606,2020,12,31,14,40
53618,2020,12,31,15,45
53632,2020,12,31,16,26
53947,2021,1,4,8,230
54055,2021,1,4,9,132
54106,2021,1,4,10,76
54133,2021,1,4,11,57
54161,2021,1,4,12,49
54173,2021,1,4,13,48
54193,2021,1,4,14,76
54219,2021,1,4,15,82
54244,2021,1,4,16,62
54759,2021,1,5,8,162
54828,2021,1,5,9,94
54867,2021,1,5,10,138
54922,2021,1,5,11,98
54955,2021,1,5,12,41
54970,2021,1,5,13,22
54977,2021,1,5,14,31
54986,2021,1,5,15,64
55008,2021,1,5,16,25
55434,2021,1,6,8,113
55492,2021,1,6,9,45
55510,2021,1,6,10,131
55557,2021,1,6,11,67
55582,2021,1,6,12,82
55615,2021,1,6,13,49
55637,2021,1,6,14,60
55665,2021,1,6,15,37
55676,2021,1,6,16,24
56042,2021,1,7,8,171
56114,2021,1,7,9,116
56162,2021,1,7,10,82
56190,2021,1,7,11,89
56219,2021,1,7,12,35
56232,2021,1,7,13,30
56241,2021,1,7,14,49
56259,2021,1,7,15,37
56269,2021,1,7,16,32
56683,2021,1,8,8,154
56741,2021,1,8,9,72
56776,2021,1,8,10,81
56807,2021,1,8,11,62
56825,2021,1,8,12,34
56835,2021,1,8,13,8
56836,2021,1,8,14,39
56849,2021,1,8,15,35
56861,2021,1,8,16,33
56873,2021,1,8,17,7
57208,2021,1,11,8,221
57302,2021,1,11,9,165
57366,2021,1,11,10,70
57393,2021,1,11,11,82
57425,2021,1,11,12,41
57443,2021,1,11,13,28
57452,2021,1,11,14,57
57471,2021,1,11,15,48
57485,2021,1,11,16,67
57510,2021,1,11,17,6
57993,2021,1,12,8,163
58060,2021,1,12,9,114
58105,2021,1,12,10,94
58132,2021,1,12,11,88
58162,2021,1,12,12,41
58180,2021,1,12,13,10
58183,2021,1,12,14,50
58196,2021,1,12,15,60
58216,2021,1,12,16,37
58650,2021,1,13,8,17
58658,2021,1,13,9,27
58672,2021,1,13,10,5
58674,2021,1,13,11,76
58701,2021,1,13,12,50
58720,2021,1,13,13,22
58727,2021,1,13,14,41
58741,2021,1,13,15,22
58747,2021,1,13,16,39
58762,2021,1,13,17,3
58952,2021,1,14,8,234
59057,2021,1,14,9,66
59087,2021,1,14,10,57
59106,2021,1,14,11,71
59126,2021,1,14,12,72
59152,2021,1,14,13,38
59171,2021,1,14,14,57
59192,2021,1,14,15,30
59201,2021,1,14,16,16
59206,2021,1,14,17,10
59603,2021,1,15,8,113
59656,2021,1,15,9,66
59684,2021,1,15,10,109
59720,2021,1,15,11,60
59744,2021,1,15,12,63
59767,2021,1,15,13,15
59773,2021,1,15,14,20
59779,2021,1,15,15,35
59793,2021,1,15,16,27
59803,2021,1,15,17,16
60127,2021,1,18,8,184
60202,2021,1,18,9,210
60283,2021,1,18,10,97
60312,2021,1,18,11,84
60343,2021,1,18,12,54
60363,2021,1,18,13,33
60374,2021,1,18,14,47
60391,2021,1,18,15,54
60410,2021,1,18,16,66
60428,2021,1,18,17,3
60959,2021,1,19,8,121
61012,2021,1,19,9,104
61053,2021,1,19,10,90
61088,2021,1,19,11,63
61114,2021,1,19,12,58
61131,2021,1,19,13,26
61137,2021,1,19,14,33
61144,2021,1,19,15,63
61160,2021,1,19,16,38
61555,2021,1,20,8,115
61603,2021,1,20,9,65
61628,2021,1,20,10,92
61663,2021,1,20,11,74
61689,2021,1,20,12,60
61709,2021,1,20,13,48
61731,2021,1,20,14,44
61747,2021,1,20,15,19
61756,2021,1,20,16,34
61766,2021,1,20,17,3
62109,2021,1,21,8,234
62211,2021,1,21,9,90
62246,2021,1,21,10,83
62280,2021,1,21,11,86
62312,2021,1,21,12,52
62330,2021,1,21,13,38
62343,2021,1,21,14,51
62360,2021,1,21,15,43
62377,2021,1,21,16,26
62384,2021,1,21,17,3
62815,2021,1,22,8,99
62852,2021,1,22,9,70
62880,2021,1,22,10,51
62901,2021,1,22,11,40
62917,2021,1,22,12,39
62928,2021,1,22,13,25
62938,2021,1,22,14,30
62949,2021,1,22,15,55
62966,2021,1,22,16,38
63262,2021,1,25,8,182
63351,2021,1,25,9,154
63415,2021,1,25,10,71
63438,2021,1,25,11,83
63473,2021,1,25,12,65
63501,2021,1,25,13,21
63511,2021,1,25,14,71
63538,2021,1,25,15,28
63548,2021,1,25,16,60
63564,2021,1,25,17,6
64003,2021,1,26,8,140
64060,2021,1,26,9,136
64109,2021,1,26,10,113
64145,2021,1,26,11,67
64166,2021,1,26,12,46
64180,2021,1,26,13,37
64193,2021,1,26,14,28
64203,2021,1,26,15,54
64221,2021,1,26,16,36
64234,2021,1,26,17,8
64668,2021,1,27,8,107
64711,2021,1,27,9,86
64749,2021,1,27,10,74
64781,2021,1,27,11,76
64807,2021,1,27,12,60
64832,2021,1,27,13,52
64850,2021,1,27,14,36
64864,2021,1,27,15,41
64881,2021,1,27,16,11
64886,2021,1,27,17,2
65213,2021,1,28,8,103
65256,2021,1,28,9,124
65305,2021,1,28,10,82
65329,2021,1,28,11,68
65355,2021,1,28,12,51
65375,2021,1,28,13,25
65385,2021,1,28,14,61
65406,2021,1,28,15,33
65416,2021,1,28,16,37
65797,2021,1,29,8,92
65832,2021,1,29,9,108
65870,2021,1,29,10,57
65892,2021,1,29,11,53
65908,2021,1,29,12,41
65924,2021,1,29,13,15
65929,2021,1,29,14,54
65952,2021,1,29,15,48
65970,2021,1,29,16,31
66296,2021,2,1,8,59
66324,2021,2,1,9,162
66399,2021,2,1,10,89
66434,2021,2,1,11,37
66451,2021,2,1,12,57
66472,2021,2,1,13,27
66480,2021,2,1,14,72
66501,2021,2,1,15,46
66510,2021,2,1,16,37
66523,2021,2,1,17,9
66891,2021,2,2,8,188
66963,2021,2,2,9,121
67009,2021,2,2,10,127
67053,2021,2,2,11,107
67083,2021,2,2,12,55
67101,2021,2,2,13,29
67110,2021,2,2,14,36
67123,2021,2,2,15,55
67138,2021,2,2,16,42
67154,2021,2,2,17,3
67654,2021,2,3,8,100
67700,2021,2,3,9,134
67750,2021,2,3,10,105
67788,2021,2,3,11,7
67791,2021,2,3,15,20
67798,2021,2,3,16,20
67807,2021,2,3,17,7
68047,2021,2,4,8,79
68080,2021,2,4,9,113
68119,2021,2,4,10,61
68143,2021,2,4,11,74
68164,2021,2,4,12,42
68177,2021,2,4,13,39
68190,2021,2,4,14,50
68207,2021,2,4,15,63
68225,2021,2,4,16,34
68602,2021,2,5,8,136
68655,2021,2,5,9,97
68691,2021,2,5,10,60
68715,2021,2,5,11,53
68733,2021,2,5,12,39
68745,2021,2,5,13,24
68755,2021,2,5,14,10
68760,2021,2,5,15,26
68769,2021,2,5,16,33
69080,2021,2,8,8,171
69161,2021,2,8,9,184
69236,2021,2,8,10,95
69275,2021,2,8,11,68
69302,2021,2,8,12,48
69319,2021,2,8,13,42
69339,2021,2,8,14,80
69366,2021,2,8,15,74
69384,2021,2,8,16,57
69619,2021,2,8,17,3
69902,2021,2,9,8,128
69951,2021,2,9,9,110
69995,2021,2,9,10,78
70022,2021,2,9,11,78
70045,2021,2,9,12,49
70060,2021,2,9,13,55
70079,2021,2,9,14,36
70091,2021,2,9,15,19
70097,2021,2,9,16,38
70493,2021,2,10,8,89
70529,2021,2,10,9,50
70547,2021,2,10,10,46
70561,2021,2,10,11,106
70597,2021,2,10,12,62
70622,2021,2,10,13,36
70636,2021,2,10,14,69
70660,2021,2,10,15,27
70670,2021,2,10,16,31
70677,2021,2,10,17,5
71014,2021,2,15,8,206
71109,2021,2,15,9,196
71187,2021,2,15,10,108
71231,2021,2,15,11,85
71263,2021,2,15,12,63
71282,2021,2,15,13,55
71304,2021,2,15,14,62
71326,2021,2,15,15,34
71338,2021,2,15,16,44
71350,2021,2,15,17,9
71876,2021,2,16,8,144
71932,2021,2,16,9,115
71978,2021,2,16,10,170
72038,2021,2,16,11,116
72074,2021,2,16,12,68
72098,2021,2,16,13,35
72109,2021,2,16,14,43
72123,2021,2,16,15,47
72137,2021,2,16,16,37
72151,2021,2,16,17,3
72654,2021,2,17,8,76
72692,2021,2,17,9,100
72731,2021,2,17,10,60
72755,2021,2,17,11,74
72779,2021,2,17,12,90
72818,2021,2,17,13,65
72844,2021,2,17,14,46
72859,2021,2,17,15,30
72870,2021,2,17,16,43
72883,2021,2,17,17,10
73248,2021,2,18,8,179
73318,2021,2,18,9,130
73369,2021,2,18,10,121
73408,2021,2,18,11,80
73435,2021,2,18,12,27
73442,2021,2,18,13,27
73454,2021,2,18,14,37
73469,2021,2,18,15,31
73480,2021,2,18,16,36
73494,2021,2,18,17,10
73926,2021,2,19,8,108
73974,2021,2,19,9,75
74002,2021,2,19,10,81
74034,2021,2,19,11,31
74044,2021,2,19,12,45
74061,2021,2,19,13,27
74072,2021,2,19,14,40
74087,2021,2,19,15,41
74099,2021,2,19,16,23
74229,2021,2,19,17,2
74399,2021,2,22,8,199
74483,2021,2,22,9,189
74556,2021,2,22,10,101
74601,2021,2,22,11,51
74623,2021,2,22,12,47
74642,2021,2,22,13,32
74655,2021,2,22,14,76
74685,2021,2,22,15,61
74705,2021,2,22,16,47
75202,2021,2,23,8,94
75236,2021,2,23,9,144
75281,2021,2,23,10,68
75302,2021,2,23,11,78
75325,2021,2,23,12,53
75341,2021,2,23,13,27
75349,2021,2,23,14,54
75369,2021,2,23,15,78
75393,2021,2,23,16,38
75836,2021,2,24,8,87
75865,2021,2,24,9,93
75903,2021,2,24,10,66
75929,2021,2,24,11,73
75958,2021,2,24,12,40
75972,2021,2,24,13,31
75988,2021,2,24,14,49
76004,2021,2,24,15,60
76026,2021,2,24,16,49
76043,2021,2,24,17,5
76389,2021,2,25,8,119
76450,2021,2,25,9,122
76503,2021,2,25,10,53
76524,2021,2,25,11,67
76547,2021,2,25,12,51
76567,2021,2,25,13,43
76582,2021,2,25,14,40
76595,2021,2,25,15,41
76604,2021,2,25,16,42
76618,2021,2,25,17,11
76978,2021,2,26,8,119
77034,2021,2,26,9,85
77067,2021,2,26,10,69
77091,2021,2,26,11,58
77114,2021,2,26,12,22
77119,2021,2,26,13,21
77125,2021,2,26,14,53
77143,2021,2,26,15,24
77154,2021,2,26,16,26
77161,2021,2,26,17,8
77463,2021,3,2,8,221
77564,2021,3,2,9,186
77636,2021,3,2,10,85
77666,2021,3,2,11,91
77695,2021,3,2,12,100
77723,2021,3,2,13,54
77744,2021,3,2,14,53
77763,2021,3,2,15,69
77783,2021,3,2,16,34
77795,2021,3,2,17,8
78364,2021,3,3,8,127
78421,2021,3,3,9,106
78459,2021,3,3,10,79
78490,2021,3,3,11,62
78509,2021,3,3,12,77
78535,2021,3,3,13,45
78553,2021,3,3,14,44
78568,2021,3,3,15,82
78595,2021,3,3,16,25
79011,2021,3,4,8,139
79078,2021,3,4,9,191
79157,2021,3,4,10,86
79189,2021,3,4,11,88
79223,2021,3,4,12,58
79246,2021,3,4,13,25
79257,2021,3,4,14,56
79271,2021,3,4,15,46
79283,2021,3,4,16,31
79292,2021,3,4,17,13
79744,2021,3,5,8,137
79804,2021,3,5,9,100
79840,2021,3,5,10,73
79867,2021,3,5,11,61
79890,2021,3,5,12,53
79905,2021,3,5,13,27
79916,2021,3,5,14,27
79923,2021,3,5,15,36
79934,2021,3,5,16,36
79945,2021,3,5,17,3
80297,2021,3,8,8,201
80379,2021,3,8,9,146
80444,2021,3,8,10,94
80472,2021,3,8,11,68
80495,2021,3,8,12,50
80517,2021,3,8,13,41
80532,2021,3,8,14,70
80560,2021,3,8,15,62
80577,2021,3,8,16,66
80595,2021,3,8,17,10
81105,2021,3,9,8,159
81172,2021,3,9,9,107
81219,2021,3,9,10,81
81251,2021,3,9,11,63
81274,2021,3,9,12,52
81291,2021,3,9,13,52
81306,2021,3,9,14,47
81324,2021,3,9,15,44
81341,2021,3,9,16,37
81352,2021,3,9,17,13
81760,2021,3,10,8,113
81808,2021,3,10,9,75
81832,2021,3,10,10,73
81861,2021,3,10,11,91
81889,2021,3,10,12,74
81919,2021,3,10,13,54
81941,2021,3,10,14,50
81963,2021,3,10,15,56
81983,2021,3,10,16,39
81993,2021,3,10,17,3
82388,2021,3,11,8,141
82439,2021,3,11,9,119
82486,2021,3,11,10,83
82516,2021,3,11,11,67
82539,2021,3,11,12,68
82558,2021,3,11,13,34
82571,2021,3,11,14,50
82588,2021,3,11,15,62
82602,2021,3,11,16,47
82619,2021,3,11,17,6
83065,2021,3,12,8,94
83109,2021,3,12,9,97
83149,2021,3,12,10,104
83184,2021,3,12,11,87
83210,2021,3,12,12,28
83220,2021,3,12,13,25
83229,2021,3,12,14,75
83260,2021,3,12,15,61
83278,2021,3,12,16,51
83473,2021,3,12,17,2
83689,2021,3,15,8,192
83770,2021,3,15,9,178
83843,2021,3,15,10,126
83892,2021,3,15,11,91
83928,2021,3,15,12,81
83963,2021,3,15,13,60
83986,2021,3,15,14,82
84011,2021,3,15,15,106
84043,2021,3,15,16,96
84070,2021,3,15,17,20
84721,2021,3,16,8,154
84784,2021,3,16,9,122
84836,2021,3,16,10,110
84875,2021,3,16,11,95
84908,2021,3,16,12,38
84924,2021,3,16,13,38
84938,2021,3,16,14,49
84952,2021,3,16,15,56
84970,2021,3,16,16,27
84980,2021,3,16,17,5
85415,2021,3,17,8,83
85441,2021,3,17,9,96
85482,2021,3,17,10,77
85511,2021,3,17,11,94
85545,2021,3,17,12,58
85569,2021,3,17,13,31
85585,2021,3,17,14,84
85618,2021,3,17,15,31
85627,2021,3,17,16,34
86003,2021,3,18,8,212
86090,2021,3,18,9,118
86138,2021,3,18,10,50
86160,2021,3,18,11,55
86182,2021,3,18,12,39
86197,2021,3,18,13,36
86209,2021,3,18,14,37
86221,2021,3,18,15,66
86240,2021,3,18,16,48
86254,2021,3,18,17,6
86670,2021,3,19,8,107
86716,2021,3,19,9,85
86751,2021,3,19,10,102
86788,2021,3,19,11,46
86804,2021,3,19,12,25
86813,2021,3,19,13,28
86825,2021,3,19,14,58
86848,2021,3,19,15,46
86862,2021,3,19,16,20
87186,2021,3,19,17,1
87188,2021,3,22,8,199
87275,2021,3,22,9,122
87332,2021,3,22,10,83
87367,2021,3,22,11,50
87383,2021,3,22,12,46
87402,2021,3,22,13,33
87417,2021,3,22,14,70
87444,2021,3,22,15,79
87471,2021,3,22,16,60
87492,2021,3,22,17,6
87936,2021,3,23,8,153
87997,2021,3,23,9,107
88037,2021,3,23,10,100
88076,2021,3,23,11,103
88111,2021,3,23,12,57
88126,2021,3,23,13,34
88138,2021,3,23,14,53
88158,2021,3,23,15,58
88171,2021,3,23,16,60
88191,2021,3,23,17,6
88667,2021,3,24,8,123
88721,2021,3,24,9,99
88764,2021,3,24,10,101
88800,2021,3,24,11,65
88820,2021,3,24,12,56
88839,2021,3,24,13,36
88854,2021,3,24,14,37
88867,2021,3,24,15,45
88881,2021,3,24,16,47
88894,2021,3,24,17,3
89279,2021,3,25,8,111
89334,2021,3,25,9,161
89401,2021,3,25,10,51
89417,2021,3,25,11,72
89442,2021,3,25,12,66
89464,2021,3,25,13,28
89476,2021,3,25,14,36
89485,2021,3,25,15,54
89498,2021,3,25,16,39
89509,2021,3,25,17,10
89907,2021,3,26,8,175
89975,2021,3,26,9,93
90019,2021,3,26,10,86
90056,2021,3,26,11,45
90072,2021,3,26,12,34
90085,2021,3,26,13,12
90089,2021,3,26,14,71
90112,2021,3,26,15,40
90128,2021,3,26,16,44
90140,2021,3,26,17,5
90512,2021,3,29,8,237
90621,2021,3,29,9,199
90706,2021,3,29,10,95
90750,2021,3,29,11,123
90794,2021,3,29,12,41
90812,2021,3,29,13,46
90832,2021,3,29,14,45
90848,2021,3,29,15,90
90875,2021,3,29,16,110
90903,2021,3,29,17,12
91510,2021,3,30,8,159
91578,2021,3,30,9,91
91615,2021,3,30,10,91
91648,2021,3,30,11,96
91681,2021,3,30,12,50
91700,2021,3,30,13,13
91704,2021,3,30,14,35
91713,2021,3,30,15,66
91729,2021,3,30,16,41
91742,2021,3,30,17,4
92156,2021,3,31,8,62
92178,2021,3,31,11,46
92194,2021,3,31,12,39
92209,2021,3,31,13,56
92236,2021,3,31,14,41
92249,2021,3,31,15,68
92273,2021,3,31,16,28
92281,2021,3,31,17,8
92504,2021,4,1,8,186
92585,2021,4,1,9,161
92639,2021,4,1,10,84
92668,2021,4,1,11,55
92684,2021,4,1,12,56
92708,2021,4,1,13,19
92716,2021,4,1,14,66
92734,2021,4,1,15,52
92747,2021,4,1,16,50
93233,2021,4,2,8,141
93295,2021,4,2,9,61
93322,2021,4,2,10,87
93347,2021,4,2,11,49
93362,2021,4,2,12,42
93382,2021,4,2,13,24
93393,2021,4,2,14,45
93405,2021,4,2,15,64
93426,2021,4,2,16,16
93762,2021,4,5,8,232
93862,2021,4,5,9,130
93915,2021,4,5,10,112
93969,2021,4,5,11,90
94004,2021,4,5,12,67
94026,2021,4,5,13,45
94041,2021,4,5,14,41
94056,2021,4,5,16,57
94074,2021,4,5,17,11
94547,2021,4,6,8,148
94607,2021,4,6,9,134
94655,2021,4,6,10,83
94683,2021,4,6,11,75
94712,2021,4,6,12,53
94729,2021,4,6,13,20
94734,2021,4,6,14,50
94748,2021,4,6,15,77
94767,2021,4,6,16,63
95020,2021,4,6,17,1
95251,2021,4,7,8,163
95324,2021,4,7,9,92
95357,2021,4,7,10,119
95399,2021,4,7,11,109
95441,2021,4,7,12,45
95461,2021,4,7,13,67
95491,2021,4,7,14,85
95521,2021,4,7,15,45
95536,2021,4,7,16,48
95551,2021,4,7,17,4
96028,2021,4,8,8,138
96078,2021,4,8,9,159
96131,2021,4,8,10,67
96155,2021,4,8,11,75
96180,2021,4,8,12,85
96210,2021,4,8,13,33
96224,2021,4,8,14,26
96233,2021,4,8,15,52
96249,2021,4,8,16,60
96263,2021,4,8,17,8
96731,2021,4,9,8,106
96772,2021,4,9,9,80
96805,2021,4,9,10,58
96830,2021,4,9,11,58
96847,2021,4,9,12,22
96854,2021,4,9,13,35
96867,2021,4,9,14,44
96881,2021,4,9,15,37
96892,2021,4,9,16,34
96902,2021,4,9,17,1
97206,2021,4,12,8,214
97305,2021,4,12,9,122
97357,2021,4,12,10,157
97405,2021,4,12,11,111
97456,2021,4,12,12,57
97482,2021,4,12,13,45
97502,2021,4,12,14,65
97525,2021,4,12,15,59
97537,2021,4,12,16,58
97555,2021,4,12,17,5
98099,2021,4,13,8,177
98172,2021,4,13,9,134
98231,2021,4,13,10,103
98279,2021,4,13,11,70
98306,2021,4,13,12,50
98323,2021,4,13,13,42
98340,2021,4,13,14,60
98361,2021,4,13,15,83
98387,2021,4,13,16,62
98880,2021,4,14,8,110
98930,2021,4,14,9,118
98969,2021,4,14,10,94
99010,2021,4,14,11,67
99035,2021,4,14,12,70
99060,2021,4,14,13,44
99077,2021,4,14,14,47
99092,2021,4,14,15,51
99107,2021,4,14,16,50
99118,2021,4,14,17,14
99545,2021,4,15,8,179
99615,2021,4,15,9,138
99666,2021,4,15,10,80
99695,2021,4,15,11,78
99722,2021,4,15,12,64
99745,2021,4,15,13,25
99758,2021,4,15,14,56
99775,2021,4,15,15,50
99792,2021,4,15,16,20
99799,2021,4,15,17,5
100240,2021,4,16,8,168
100314,2021,4,16,9,110
100354,2021,4,16,10,84
100395,2021,4,16,11,87
100424,2021,4,16,12,50
100441,2021,4,16,13,51
100458,2021,4,16,14,37
100470,2021,4,16,15,20
100477,2021,4,16,16,27
100489,2021,4,16,17,2
100876,2021,4,19,8,205
100968,2021,4,19,9,161
101032,2021,4,19,10,120
101079,2021,4,19,11,58
101103,2021,4,19,12,44
101123,2021,4,19,13,39
101140,2021,4,19,14,81
101169,2021,4,19,15,85
101200,2021,4,19,16,37
101211,2021,4,19,17,9
101715,2021,4,20,8,163
101783,2021,4,20,9,130
101838,2021,4,20,10,65
101861,2021,4,20,11,64
101885,2021,4,20,12,61
101912,2021,4,20,13,27
101922,2021,4,20,14,55
101936,2021,4,20,15,53
101951,2021,4,20,16,49
102138,2021,4,20,17,2
102384,2021,4,21,8,113
102423,2021,4,21,9,92
102463,2021,4,21,10,120
102507,2021,4,21,11,62
102530,2021,4,21,12,46
102547,2021,4,21,13,26
102560,2021,4,21,14,46
102580,2021,4,21,15,61
102594,2021,4,21,16,54
102609,2021,4,21,17,10
103014,2021,4,22,8,189
103094,2021,4,22,9,186
103165,2021,4,22,10,81
103194,2021,4,22,11,54
103212,2021,4,22,12,40
103229,2021,4,22,13,40
103243,2021,4,22,14,71
103263,2021,4,22,15,68
103282,2021,4,22,16,33
103776,2021,4,22,17,1
103777,2021,4,23,8,144
103848,2021,4,23,9,74
103882,2021,4,23,10,80
103914,2021,4,23,11,48
103936,2021,4,23,12,28
103949,2021,4,23,13,46
103962,2021,4,23,14,36
103976,2021,4,23,15,51
103991,2021,4,23,16,26
103999,2021,4,23,17,3
104313,2021,4,26,8,165
104385,2021,4,26,9,188
104463,2021,4,26,10,130
104510,2021,4,26,11,36
104527,2021,4,26,12,72
104554,2021,4,26,13,49
104577,2021,4,26,14,68
104597,2021,4,26,15,91
104624,2021,4,26,16,53
104643,2021,4,26,17,5
105170,2021,4,27,8,147
105233,2021,4,27,9,120
105277,2021,4,27,10,90
105310,2021,4,27,11,78
105332,2021,4,27,12,51
105348,2021,4,27,13,21
105356,2021,4,27,14,52
105373,2021,4,27,15,72
105395,2021,4,27,16,52
105853,2021,4,28,8,138
105914,2021,4,28,9,121
105971,2021,4,28,10,111
106007,2021,4,28,11,67
106028,2021,4,28,12,50
106047,2021,4,28,13,27
106058,2021,4,28,14,56
106075,2021,4,28,15,29
106085,2021,4,28,16,36
106096,2021,4,28,17,7
106495,2021,4,29,8,201
106583,2021,4,29,9,136
106640,2021,4,29,10,69
106663,2021,4,29,11,43
106682,2021,4,29,12,55
106704,2021,4,29,13,38
106716,2021,4,29,14,44
106732,2021,4,29,15,36
106741,2021,4,29,16,25
106749,2021,4,29,17,3
107145,2021,4,30,8,147
107210,2021,4,30,9,107
107255,2021,4,30,10,78
107290,2021,4,30,11,65
107311,2021,4,30,12,32
107323,2021,4,30,13,30
107335,2021,4,30,14,31
107345,2021,4,30,15,15
107351,2021,4,30,16,22
107359,2021,4,30,17,7
107679,2021,5,3,8,255
107802,2021,5,3,9,314
107930,2021,5,3,10,136
107984,2021,5,3,11,62
108011,2021,5,3,12,50
108032,2021,5,3,13,67
108059,2021,5,3,14,70
108086,2021,5,3,15,86
108113,2021,5,3,16,81
108139,2021,5,3,17,6
108806,2021,5,4,8,165
108881,2021,5,4,9,159
108939,2021,5,4,10,89
108973,2021,5,4,11,75
108993,2021,5,4,12,52
109010,2021,5,4,13,21
109017,2021,5,4,14,65
109038,2021,5,4,15,38
109048,2021,5,4,16,55
109122,2021,5,4,17,3
109528,2021,5,6,8,192
109596,2021,5,6,9,176
109664,2021,5,6,10,112
109709,2021,5,6,11,59
109729,2021,5,6,12,51
109745,2021,5,6,13,58
109765,2021,5,6,14,64
109786,2021,5,6,15,35
109800,2021,5,6,16,28
110303,2021,5,7,8,173
110375,2021,5,7,9,87
110408,2021,5,7,10,98
110441,2021,5,7,11,75
110467,2021,5,7,12,41
110481,2021,5,7,13,29
110492,2021,5,7,14,44
110503,2021,5,7,15,40
110514,2021,5,7,16,47
110725,2021,5,7,17,2
110939,2021,5,10,8,232
111035,2021,5,10,9,249
111144,2021,5,10,10,127
111192,2021,5,10,11,53
111212,2021,5,10,12,62
111241,2021,5,10,13,45
111264,2021,5,10,14,65
111291,2021,5,10,15,67
111313,2021,5,10,16,75
111334,2021,5,10,17,7
111921,2021,5,11,8,188
111995,2021,5,11,9,176
112061,2021,5,11,10,117
112104,2021,5,11,11,71
112133,2021,5,11,12,41
112144,2021,5,11,13,58
112168,2021,5,11,14,47
112183,2021,5,11,15,80
112208,2021,5,11,16,49
112222,2021,5,11,17,13
112761,2021,5,12,8,95
112808,2021,5,12,9,150
112876,2021,5,12,10,123
112925,2021,5,12,11,106
112965,2021,5,12,12,74
112988,2021,5,12,13,41
113006,2021,5,12,14,73
113031,2021,5,12,15,30
113041,2021,5,12,16,32
113485,2021,5,13,8,158
113547,2021,5,13,9,129
113595,2021,5,13,10,148
113653,2021,5,13,11,88
113683,2021,5,13,12,20
113690,2021,5,13,13,41
113706,2021,5,13,14,41
113719,2021,5,13,15,69
113735,2021,5,13,16,35
114214,2021,5,14,8,202
114292,2021,5,14,9,137
114352,2021,5,14,10,94
114379,2021,5,14,11,75
114407,2021,5,14,12,44
114419,2021,5,14,13,30
114432,2021,5,14,14,44
114444,2021,5,14,15,42
114459,2021,5,14,16,19
114464,2021,5,14,17,8
114909,2021,5,17,8,216
115000,2021,5,17,9,150
115063,2021,5,17,10,108
115104,2021,5,17,11,50
115126,2021,5,17,12,67
115147,2021,5,17,13,58
115166,2021,5,17,14,98
115203,2021,5,17,15,85
115235,2021,5,17,16,87
115258,2021,5,17,17,1
115829,2021,5,18,8,165
115900,2021,5,18,9,169
115960,2021,5,18,10,77
115988,2021,5,18,11,58
116002,2021,5,18,12,36
116017,2021,5,18,13,31
116025,2021,5,18,14,60
116043,2021,5,18,15,85
116072,2021,5,18,16,34
116082,2021,5,18,17,3
116547,2021,5,20,8,169
116610,2021,5,20,9,140
116670,2021,5,20,10,92
116701,2021,5,20,11,61
116719,2021,5,20,12,60
116740,2021,5,20,13,36
116753,2021,5,20,14,90
116789,2021,5,20,15,69
116807,2021,5,20,16,30
116815,2021,5,20,17,5
117299,2021,5,21,8,125
117357,2021,5,21,9,106
117409,2021,5,21,10,97
117444,2021,5,21,11,54
117463,2021,5,21,12,23
117473,2021,5,21,13,24
117480,2021,5,21,14,51
117503,2021,5,21,15,19
117509,2021,5,21,16,37
117835,2021,5,24,8,198
117917,2021,5,24,9,223
117990,2021,5,24,10,107
118023,2021,5,24,11,77
118051,2021,5,24,12,79
118080,2021,5,24,13,38
118095,2021,5,24,14,116
118136,2021,5,24,15,88
118166,2021,5,24,16,70
118183,2021,5,24,17,5
118836,2021,5,25,8,133
118886,2021,5,25,9,117
118932,2021,5,25,10,115
118975,2021,5,25,11,79
119001,2021,5,25,12,36
119010,2021,5,25,13,24
119018,2021,5,25,14,49
119038,2021,5,25,15,97
119068,2021,5,25,16,62
119086,2021,5,25,17,9
119557,2021,5,26,8,128
119606,2021,5,26,9,103
119645,2021,5,26,10,135
119694,2021,5,26,11,103
119727,2021,5,26,12,79
119758,2021,5,26,13,51
119779,2021,5,26,14,29
119790,2021,5,26,15,66
119812,2021,5,26,16,39
119826,2021,5,26,17,2
120292,2021,5,27,8,208
120373,2021,5,27,9,134
120423,2021,5,27,10,79
120459,2021,5,27,11,36
120471,2021,5,27,12,61
120496,2021,5,27,13,64
120517,2021,5,27,14,68
120542,2021,5,27,15,66
120565,2021,5,27,16,47
120582,2021,5,27,17,2
121057,2021,5,28,8,219
121147,2021,5,28,9,73
121170,2021,5,28,10,87
121207,2021,5,28,11,57
121226,2021,5,28,12,37
121240,2021,5,28,13,22
121247,2021,5,28,14,68
121267,2021,5,28,15,57
121282,2021,5,28,16,36
121292,2021,5,28,17,4
121717,2021,5,31,8,200
121815,2021,5,31,9,100
121853,2021,5,31,10,146
121906,2021,5,31,11,57
121926,2021,5,31,12,70
121951,2021,5,31,13,47
121968,2021,5,31,14,83
121998,2021,5,31,15,68
122020,2021,5,31,16,57
122038,2021,5,31,17,3
122548,2021,6,1,8,170
122622,2021,6,1,9,97
122658,2021,6,1,10,121
122703,2021,6,1,11,72
122730,2021,6,1,12,64
122749,2021,6,1,13,33
122760,2021,6,1,14,77
122786,2021,6,1,15,80
122820,2021,6,1,16,44
123306,2021,6,2,8,129
123359,2021,6,2,9,104
123406,2021,6,2,10,91
123440,2021,6,2,11,84
123471,2021,6,2,12,53
123491,2021,6,2,13,81
123532,2021,6,2,14,80
123562,2021,6,2,15,73
123586,2021,6,2,16,27
123594,2021,6,2,17,8
124036,2021,6,3,8,89
124065,2021,6,3,9,177
124139,2021,6,3,10,65
124165,2021,6,3,11,51
124190,2021,6,3,12,54
124211,2021,6,3,13,28
124225,2021,6,3,14,82
124256,2021,6,3,15,96
124294,2021,6,3,16,39
124375,2021,6,3,17,3
124720,2021,6,4,8,70
124753,2021,6,4,9,109
124797,2021,6,4,10,60
124824,2021,6,4,11,64
124847,2021,6,4,12,32
124856,2021,6,4,13,38
124874,2021,6,4,14,58
124904,2021,6,4,15,83
124926,2021,6,4,16,23
125257,2021,6,7,8,267
125382,2021,6,7,9,144
125441,2021,6,7,10,120
125481,2021,6,7,11,121
125519,2021,6,7,12,73
125548,2021,6,7,13,64
125569,2021,6,7,14,117
125614,2021,6,7,15,106
125642,2021,6,7,16,63
125665,2021,6,7,17,35
126367,2021,6,8,8,170
126432,2021,6,8,9,134
126486,2021,6,8,10,122
126529,2021,6,8,11,74
126557,2021,6,8,12,59
126579,2021,6,8,13,35
126592,2021,6,8,14,60
126616,2021,6,8,15,91
126651,2021,6,8,16,48
127160,2021,6,9,8,175
127228,2021,6,9,9,92
127258,2021,6,9,10,85
127286,2021,6,9,11,97
127324,2021,6,9,12,43
127339,2021,6,9,13,38
127348,2021,6,9,14,113
127391,2021,6,9,15,76
127415,2021,6,9,16,46
127428,2021,6,9,17,15
127940,2021,6,10,8,147
128006,2021,6,10,9,113
128050,2021,6,10,10,135
128103,2021,6,10,11,65
128130,2021,6,10,12,67
128157,2021,6,10,13,34
128168,2021,6,10,14,71
128199,2021,6,10,15,53
128215,2021,6,10,16,30
128655,2021,6,11,8,188
128740,2021,6,11,9,133
128795,2021,6,11,10,77
128829,2021,6,11,11,58
128847,2021,6,11,12,62
128868,2021,6,11,13,38
128877,2021,6,11,14,52
128900,2021,6,11,15,22
128908,2021,6,11,16,19
128913,2021,6,11,17,1
129305,2021,6,14,8,315
129433,2021,6,14,9,274
129539,2021,6,14,10,66
129567,2021,6,14,11,117
129613,2021,6,14,12,86
129644,2021,6,14,13,58
129665,2021,6,14,14,81
129693,2021,6,14,15,123
129734,2021,6,14,16,86
129760,2021,6,14,17,22
130533,2021,6,15,8,134
130592,2021,6,15,9,143
130647,2021,6,15,10,104
130688,2021,6,15,11,106
130725,2021,6,15,12,65
130745,2021,6,15,13,50
130762,2021,6,15,14,50
130778,2021,6,15,15,88
130812,2021,6,15,16,24
131297,2021,6,16,8,122
131346,2021,6,16,9,62
131369,2021,6,16,10,102
131406,2021,6,16,11,109
131440,2021,6,16,12,97
131477,2021,6,16,13,50
131495,2021,6,16,14,52
131513,2021,6,16,15,76
131546,2021,6,16,16,51
132018,2021,6,17,8,116
132067,2021,6,17,9,147
132125,2021,6,17,10,97
132160,2021,6,17,11,46
132177,2021,6,17,12,63
132203,2021,6,17,13,46
132215,2021,6,17,14,61
132232,2021,6,17,15,86
132263,2021,6,17,16,54
132282,2021,6,17,17,11
132745,2021,6,18,8,134
132801,2021,6,18,9,206
132877,2021,6,18,10,91
132906,2021,6,18,11,56
132924,2021,6,18,12,45
132939,2021,6,18,13,27
132945,2021,6,18,14,62
132961,2021,6,18,15,37
132976,2021,6,18,16,29
133432,2021,6,21,8,254
133536,2021,6,21,9,174
133600,2021,6,21,10,133
133650,2021,6,21,11,62
133673,2021,6,21,12,78
133704,2021,6,21,13,57
133726,2021,6,21,14,91
133751,2021,6,21,15,122
133801,2021,6,21,16,61
133821,2021,6,21,17,8
134472,2021,6,22,8,164
134530,2021,6,22,9,108
134568,2021,6,22,10,71
134593,2021,6,22,11,59
134606,2021,6,22,12,66
134631,2021,6,22,13,21
134640,2021,6,22,14,121
134676,2021,6,22,15,80
134695,2021,6,22,16,61
134714,2021,6,22,17,4
135227,2021,6,23,8,170
135288,2021,6,23,9,53
135312,2021,6,23,10,63
135330,2021,6,23,11,104
135368,2021,6,23,12,62
135392,2021,6,23,13,35
135408,2021,6,23,14,41
135420,2021,6,23,15,72
135438,2021,6,23,16,78
135905,2021,6,24,8,120
135958,2021,6,24,9,97
136003,2021,6,24,10,130
136049,2021,6,24,11,66
136075,2021,6,24,12,51
136093,2021,6,24,13,13
136099,2021,6,24,14,67
136130,2021,6,24,15,55
136145,2021,6,24,16,23
136154,2021,6,24,17,5
136532,2021,6,25,8,221
136615,2021,6,25,9,105
136653,2021,6,25,10,106
136688,2021,6,25,11,51
136706,2021,6,25,12,29
136717,2021,6,25,13,13
136721,2021,6,25,14,66
136753,2021,6,25,15,34
136765,2021,6,25,16,15
136952,2021,6,25,17,1
137173,2021,6,28,8,244
137275,2021,6,28,9,205
137357,2021,6,28,10,84
137382,2021,6,28,11,70
137405,2021,6,28,12,61
137424,2021,6,28,13,57
137448,2021,6,28,14,102
137499,2021,6,28,15,116
137529,2021,6,28,16,86
137552,2021,6,28,17,3
138201,2021,6,29,8,180
138263,2021,6,29,9,114
138307,2021,6,29,10,122
138353,2021,6,29,11,85
138379,2021,6,29,12,76
138411,2021,6,29,13,46
138430,2021,6,29,14,52
138452,2021,6,29,15,80
138476,2021,6,29,16,41
138492,2021,6,29,17,10
139007,2021,6,30,8,121
139063,2021,6,30,9,87
139091,2021,6,30,10,162
139142,2021,6,30,11,58
139161,2021,6,30,12,58
139178,2021,6,30,13,38
139189,2021,6,30,14,92
139227,2021,6,30,15,74
139255,2021,6,30,16,34
139332,2021,6,30,17,1
139732,2021,7,1,8,190
139816,2021,7,1,9,183
139881,2021,7,1,10,91
139920,2021,7,1,11,96
139950,2021,7,1,12,44
139969,2021,7,1,13,42
139989,2021,7,1,14,60
140012,2021,7,1,15,109
140044,2021,7,1,16,34
140053,2021,7,1,19,12
140055,2021,7,1,20,17
140610,2021,7,2,8,192
140685,2021,7,2,9,156
140747,2021,7,2,10,99
140783,2021,7,2,11,61
140805,2021,7,2,12,52
140819,2021,7,2,13,26
140828,2021,7,2,14,35
140838,2021,7,2,15,81
140868,2021,7,2,16,25
140874,2021,7,2,17,6
141343,2021,7,5,8,255
141457,2021,7,5,9,234
141547,2021,7,5,10,109
141584,2021,7,5,11,93
141614,2021,7,5,12,84
141648,2021,7,5,13,50
141668,2021,7,5,14,59
141693,2021,7,5,15,124
141741,2021,7,5,16,54
141758,2021,7,5,17,9
142414,2021,7,6,8,139
142466,2021,7,6,9,173
142535,2021,7,6,10,96
142566,2021,7,6,11,85
142599,2021,7,6,12,78
142628,2021,7,6,13,21
142636,2021,7,6,14,67
142662,2021,7,6,15,31
142673,2021,7,6,16,26
142681,2021,7,6,17,6
143136,2021,7,7,8,147
143201,2021,7,7,9,78
143224,2021,7,7,10,138
143274,2021,7,7,11,61
143299,2021,7,7,12,57
143320,2021,7,7,13,61
143346,2021,7,7,14,44
143360,2021,7,7,15,85
143393,2021,7,7,16,49
143582,2021,7,7,17,2
143858,2021,7,8,8,210
143946,2021,7,8,9,199
144025,2021,7,8,10,138
144082,2021,7,8,11,88
144114,2021,7,8,12,63
144142,2021,7,8,13,30
144154,2021,7,8,14,46
144170,2021,7,8,15,102
144208,2021,7,8,16,41
144219,2021,7,8,17,2
144777,2021,7,9,8,182
144855,2021,7,9,9,111
144904,2021,7,9,10,90
144935,2021,7,9,11,70
144959,2021,7,9,12,25
144969,2021,7,9,13,39
144987,2021,7,9,14,29
144996,2021,7,9,15,81
145020,2021,7,9,16,36
145033,2021,7,9,17,3
145443,2021,7,12,8,254
145540,2021,7,12,9,200
145617,2021,7,12,10,172
145684,2021,7,12,11,103
145727,2021,7,12,12,92
145758,2021,7,12,13,40
145777,2021,7,12,14,123
145819,2021,7,12,15,73
145841,2021,7,12,16,57
145859,2021,7,12,17,18
146575,2021,7,13,8,228
146670,2021,7,13,9,190
146739,2021,7,13,10,113
146774,2021,7,13,11,70
146798,2021,7,13,12,61
146816,2021,7,13,13,45
146835,2021,7,13,14,104
146876,2021,7,13,15,86
146905,2021,7,13,16,63
146925,2021,7,13,17,13
147548,2021,7,14,8,153
147615,2021,7,14,9,97
147655,2021,7,14,10,94
147686,2021,7,14,11,76
147712,2021,7,14,12,46
147727,2021,7,14,13,61
147748,2021,7,14,14,88
147787,2021,7,14,15,69
147811,2021,7,14,16,62
147835,2021,7,14,17,4
148298,2021,7,15,8,207
148384,2021,7,15,9,134
148442,2021,7,15,10,119
148497,2021,7,15,11,61
148520,2021,7,15,12,41
148537,2021,7,15,13,24
148549,2021,7,15,14,58
148567,2021,7,15,15,63
148580,2021,7,15,16,57
148602,2021,7,15,17,9
149071,2021,7,16,8,176
149147,2021,7,16,9,116
149202,2021,7,16,10,178
149273,2021,7,16,11,64
149300,2021,7,16,12,40
149313,2021,7,16,13,21
149322,2021,7,16,14,70
149346,2021,7,16,15,49
149361,2021,7,16,16,47
149832,2021,7,19,8,233
149934,2021,7,19,9,132
149992,2021,7,19,10,151
150037,2021,7,19,11,115
150072,2021,7,19,12,70
150094,2021,7,19,13,45
150109,2021,7,19,14,65
150129,2021,7,19,15,152
150185,2021,7,19,16,65
150205,2021,7,19,17,10
150870,2021,7,20,8,79
150900,2021,7,20,9,129
150948,2021,7,20,10,124
150997,2021,7,20,11,86
151024,2021,7,20,12,68
151046,2021,7,20,13,32
151059,2021,7,20,14,64
151077,2021,7,20,15,95
151110,2021,7,20,16,58
151128,2021,7,20,17,9
151614,2021,7,21,8,168
151688,2021,7,21,9,114
151740,2021,7,21,10,122
151791,2021,7,21,11,79
151822,2021,7,21,12,79
151851,2021,7,21,13,33
151866,2021,7,21,14,79
151891,2021,7,21,15,77
151925,2021,7,21,16,52
152417,2021,7,22,8,179
152493,2021,7,22,9,156
152556,2021,7,22,10,124
152603,2021,7,22,11,96
152643,2021,7,22,12,61
152672,2021,7,22,13,64
152692,2021,7,22,14,77
152721,2021,7,22,15,100
152757,2021,7,22,16,46
152773,2021,7,22,17,5
153325,2021,7,23,8,192
153414,2021,7,23,9,137
153479,2021,7,23,10,111
153524,2021,7,23,11,64
153546,2021,7,23,12,31
153556,2021,7,23,13,40
153569,2021,7,23,14,63
153589,2021,7,23,15,82
153618,2021,7,23,16,37
153632,2021,7,23,17,2
154084,2021,7,26,8,308
154200,2021,7,26,9,234
154286,2021,7,26,10,167
154350,2021,7,26,11,80
154376,2021,7,26,12,44
154391,2021,7,26,13,70
154413,2021,7,26,14,57
154433,2021,7,26,15,171
154498,2021,7,26,16,50
155265,2021,7,27,8,138
155317,2021,7,27,9,82
155349,2021,7,27,10,149
155405,2021,7,27,11,83
155432,2021,7,27,12,72
155460,2021,7,27,13,23
155470,2021,7,27,14,66
155488,2021,7,27,15,107
155533,2021,7,27,16,95
155567,2021,7,27,17,4
156084,2021,7,28,8,110
156123,2021,7,28,9,155
156185,2021,7,28,10,76
156212,2021,7,28,11,92
156247,2021,7,28,12,40
156262,2021,7,28,13,44
156278,2021,7,28,14,68
156299,2021,7,28,15,147
156366,2021,7,28,16,49
156382,2021,7,28,17,1
156866,2021,7,29,8,108
156917,2021,7,29,9,127
156964,2021,7,29,10,133
157021,2021,7,29,11,69
157044,2021,7,29,12,40
157059,2021,7,29,13,29
157071,2021,7,29,14,48
157089,2021,7,29,15,102
157132,2021,7,29,16,61
157297,2021,7,29,17,2
157585,2021,7,30,8,111
157627,2021,7,30,9,109
157670,2021,7,30,10,101
157708,2021,7,30,11,62
157729,2021,7,30,12,42
157741,2021,7,30,13,18
157746,2021,7,30,14,65
157770,2021,7,30,15,42
157783,2021,7,30,16,25
157792,2021,7,30,17,4
158164,2021,8,2,8,234
158264,2021,8,2,9,237
158362,2021,8,2,10,118
158403,2021,8,2,11,52
158421,2021,8,2,12,70
158447,2021,8,2,13,43
158467,2021,8,2,14,110
158507,2021,8,2,15,119
158545,2021,8,2,16,82
158577,2021,8,2,17,8
159237,2021,8,3,8,136
159295,2021,8,3,9,144
159354,2021,8,3,10,80
159386,2021,8,3,11,73
159405,2021,8,3,12,71
159429,2021,8,3,13,19
159438,2021,8,3,14,35
159448,2021,8,3,15,66
159471,2021,8,3,16,38
159899,2021,8,4,8,241
160002,2021,8,4,9,116
160052,2021,8,4,10,99
160093,2021,8,4,11,53
160108,2021,8,4,12,91
160142,2021,8,4,13,74
160172,2021,8,4,14,67
160196,2021,8,4,15,43
160210,2021,8,4,16,28
160410,2021,8,4,17,2
160713,2021,8,5,8,238
160819,2021,8,5,9,165
160883,2021,8,5,10,81
160915,2021,8,5,11,96
160952,2021,8,5,12,78
160981,2021,8,5,13,46
161001,2021,8,5,14,58
161022,2021,8,5,15,92
161058,2021,8,5,16,73
161077,2021,8,5,17,5
161645,2021,8,6,8,165
161732,2021,8,6,9,132
161784,2021,8,6,10,70
161811,2021,8,6,11,63
161830,2021,8,6,12,55
161845,2021,8,6,13,27
161853,2021,8,6,14,74
161886,2021,8,6,15,46
161900,2021,8,6,16,34
162311,2021,8,9,8,253
162410,2021,8,9,9,234
162503,2021,8,9,10,117
162548,2021,8,9,11,112
162584,2021,8,9,12,70
162612,2021,8,9,13,47
162633,2021,8,9,14,102
162671,2021,8,9,15,111
162705,2021,8,9,16,42
162718,2021,8,9,17,7
163406,2021,8,10,8,160
163458,2021,8,10,9,177
163540,2021,8,10,10,128
163581,2021,8,10,11,58
163605,2021,8,10,12,54
163626,2021,8,10,13,34
163638,2021,8,10,14,110
163676,2021,8,10,15,63
163695,2021,8,10,16,74
163722,2021,8,10,17,19
164283,2021,8,11,8,167
164353,2021,8,11,9,126
164400,2021,8,11,10,93
164431,2021,8,11,11,115
164469,2021,8,11,12,54
164487,2021,8,11,13,31
164499,2021,8,11,14,117
164547,2021,8,11,15,72
164580,2021,8,11,16,48
164594,2021,8,11,17,5
165111,2021,8,12,8,208
165200,2021,8,12,9,201
165281,2021,8,12,10,116
165322,2021,8,12,11,39
165337,2021,8,12,12,57
165360,2021,8,12,13,48
165380,2021,8,12,14,39
165392,2021,8,12,15,116
165428,2021,8,12,16,60
165446,2021,8,12,17,9
166004,2021,8,13,8,178
166084,2021,8,13,9,120
166128,2021,8,13,10,66
166159,2021,8,13,11,62
166177,2021,8,13,12,77
166204,2021,8,13,13,39
166220,2021,8,13,14,43
166235,2021,8,13,15,64
166260,2021,8,13,16,53
166279,2021,8,13,17,9
166715,2021,8,17,8,215
166808,2021,8,17,9,292
166921,2021,8,17,10,146
166981,2021,8,17,11,109
167015,2021,8,17,12,84
167039,2021,8,17,13,46
167052,2021,8,17,14,62
167073,2021,8,17,15,71
167097,2021,8,17,16,26
167106,2021,8,17,17,2
167768,2021,8,18,8,148
167827,2021,8,18,9,144
167883,2021,8,18,10,129
167929,2021,8,18,11,96
167967,2021,8,18,12,82
167996,2021,8,18,13,34
168008,2021,8,18,14,50
168026,2021,8,18,15,101
168057,2021,8,18,16,35
168068,2021,8,18,17,4
168591,2021,8,19,8,269
168703,2021,8,19,9,118
168748,2021,8,19,10,104
168790,2021,8,19,11,67
168814,2021,8,19,12,79
168844,2021,8,19,13,34
168860,2021,8,19,14,51
168881,2021,8,19,15,100
168914,2021,8,19,16,23
168922,2021,8,19,17,6
169442,2021,8,20,8,190
169521,2021,8,20,9,153
169583,2021,8,20,10,73
169616,2021,8,20,11,41
169630,2021,8,20,12,36
169641,2021,8,20,13,33
169651,2021,8,20,14,63
169674,2021,8,20,15,45
169689,2021,8,20,16,17
170093,2021,8,23,8,242
170191,2021,8,23,9,168
170265,2021,8,23,10,154
170322,2021,8,23,11,75
170352,2021,8,23,12,52
170373,2021,8,23,13,36
170390,2021,8,23,14,50
170410,2021,8,23,15,115
170451,2021,8,23,16,66
171051,2021,8,24,8,138
171110,2021,8,24,9,125
171153,2021,8,24,10,98
171193,2021,8,24,11,67
171215,2021,8,24,12,71
171240,2021,8,24,13,53
171262,2021,8,24,14,66
171281,2021,8,24,15,75
171308,2021,8,24,16,74
171331,2021,8,24,17,4
171822,2021,8,25,8,132
171875,2021,8,25,9,121
171920,2021,8,25,10,99
171958,2021,8,25,11,83
171990,2021,8,25,12,53
172008,2021,8,25,13,33
172017,2021,8,25,14,41
172032,2021,8,25,15,51
172049,2021,8,25,16,31
172237,2021,8,25,17,2
172468,2021,8,26,8,4
172471,2021,8,26,10,38
172472,2021,8,26,11,61
172492,2021,8,26,12,63
172513,2021,8,26,13,16
172519,2021,8,26,14,46
172534,2021,8,26,15,108
172574,2021,8,26,16,31
172719,2021,8,26,17,2
172740,2021,8,26,9,1
172838,2021,8,27,8,125
172888,2021,8,27,9,169
172944,2021,8,27,10,95
172978,2021,8,27,11,39
172997,2021,8,27,12,41
173009,2021,8,27,13,32
173019,2021,8,27,14,86
173045,2021,8,27,15,67
173065,2021,8,27,16,48
173075,2021,8,27,17,4
173544,2021,8,30,8,309
173675,2021,8,30,9,224
173768,2021,8,30,10,108
173811,2021,8,30,11,154
173857,2021,8,30,12,52
173878,2021,8,30,13,43
173896,2021,8,30,14,54
173917,2021,8,30,15,160
173972,2021,8,30,16,93
173997,2021,8,30,17,13
174754,2021,8,31,8,185
174821,2021,8,31,9,187
174888,2021,8,31,10,105
174925,2021,8,31,11,72
174945,2021,8,31,12,75
174960,2021,8,31,13,34
174972,2021,8,31,14,63
174992,2021,8,31,15,92
175028,2021,8,31,16,59
175042,2021,8,31,17,8
175634,2021,9,1,8,151
175690,2021,9,1,9,156
175762,2021,9,1,10,134
175807,2021,9,1,11,98
175839,2021,9,1,12,79
175865,2021,9,1,13,60
175888,2021,9,1,14,109
175930,2021,9,1,15,55
175945,2021,9,1,16,20
175950,2021,9,1,17,8
176504,2021,9,2,8,215
176606,2021,9,2,9,181
176680,2021,9,2,10,117
176721,2021,9,2,11,100
176750,2021,9,2,12,74
176770,2021,9,2,13,48
176789,2021,9,2,14,70
176812,2021,9,2,15,101
176849,2021,9,2,16,26
176857,2021,9,2,17,6
177442,2021,9,3,8,148
177508,2021,9,3,9,126
177561,2021,9,3,10,67
177589,2021,9,3,11,49
177605,2021,9,3,12,33
177617,2021,9,3,13,17
177623,2021,9,3,14,41
177637,2021,9,3,15,97
177674,2021,9,3,16,45
177685,2021,9,3,17,1
178066,2021,9,6,8,263
178189,2021,9,6,9,210
178269,2021,9,6,10,144
178309,2021,9,6,11,73
178336,2021,9,6,12,78
178366,2021,9,6,13,83
178400,2021,9,6,14,95
178437,2021,9,6,15,120
178480,2021,9,6,16,90
178512,2021,9,6,17,6
179228,2021,9,7,8,183
179307,2021,9,7,9,183
179386,2021,9,7,10,115
179425,2021,9,7,11,63
179441,2021,9,7,12,81
179468,2021,9,7,13,31
179480,2021,9,7,14,105
179522,2021,9,7,15,76
179544,2021,9,7,16,46
179559,2021,9,7,17,10
180121,2021,9,8,8,121
180182,2021,9,8,9,129
180230,2021,9,8,10,135
180283,2021,9,8,11,128
180324,2021,9,8,12,97
180364,2021,9,8,13,74
180401,2021,9,8,14,78
180436,2021,9,8,15,77
180462,2021,9,8,16,46
180476,2021,9,8,17,6
181012,2021,9,9,8,192
181086,2021,9,9,9,320
181224,2021,9,9,10,109
181261,2021,9,9,11,77
181285,2021,9,9,12,41
181303,2021,9,9,13,36
181318,2021,9,9,14,58
181341,2021,9,9,15,63
181361,2021,9,9,16,45
181375,2021,9,9,17,10
181963,2021,9,10,8,148
182025,2021,9,10,9,97
182062,2021,9,10,10,155
182122,2021,9,10,11,67
182148,2021,9,10,12,70
182164,2021,9,10,13,18
182171,2021,9,10,14,37
182182,2021,9,10,15,89
182213,2021,9,10,16,34
182220,2021,9,10,17,5
182683,2021,9,13,8,213
182767,2021,9,13,9,209
182850,2021,9,13,10,196
182930,2021,9,13,11,93
182962,2021,9,13,12,97
182996,2021,9,13,13,41
183009,2021,9,13,14,75
183034,2021,9,13,15,109
183066,2021,9,13,16,97
183091,2021,9,13,17,9
183822,2021,9,14,8,199
183890,2021,9,14,9,108
183938,2021,9,14,10,134
183980,2021,9,14,11,80
184004,2021,9,14,12,66
184025,2021,9,14,13,29
184037,2021,9,14,14,48
184051,2021,9,14,15,93
184086,2021,9,14,16,41
184101,2021,9,14,17,3
184623,2021,9,15,8,133
184678,2021,9,15,9,117
184719,2021,9,15,10,141
184771,2021,9,15,11,84
184802,2021,9,15,12,45
184819,2021,9,15,13,50
184837,2021,9,15,14,87
184866,2021,9,15,15,72
184896,2021,9,15,16,31
184906,2021,9,15,17,4
185387,2021,9,16,8,215
185485,2021,9,16,9,139
185547,2021,9,16,10,126
185592,2021,9,16,11,56
185611,2021,9,16,12,46
185629,2021,9,16,13,36
185645,2021,9,16,14,73
185677,2021,9,16,15,59
185692,2021,9,16,16,50
185707,2021,9,16,17,7
186194,2021,9,17,8,149
186259,2021,9,17,9,96
186294,2021,9,17,10,117
186333,2021,9,17,11,37
186348,2021,9,17,12,30
186358,2021,9,17,13,22
186363,2021,9,17,14,87
186394,2021,9,17,15,65
186413,2021,9,17,16,57
186425,2021,9,17,17,4
186858,2021,9,23,8,264
186964,2021,9,23,9,237
187056,2021,9,23,10,157
187113,2021,9,23,11,136
187152,2021,9,23,12,54
187175,2021,9,23,13,41
187192,2021,9,23,14,65
187218,2021,9,23,15,112
187251,2021,9,23,16,42
187265,2021,9,23,17,6
187972,2021,9,24,8,136
188029,2021,9,24,9,88
188065,2021,9,24,10,110
188112,2021,9,24,11,60
188133,2021,9,24,12,57
188156,2021,9,24,13,24
188162,2021,9,24,14,51
188180,2021,9,24,15,67
188205,2021,9,24,16,23
188216,2021,9,24,17,7
188218,2021,9,24,22,70
188665,2021,9,27,8,309
188791,2021,9,27,9,190
188864,2021,9,27,10,130
188920,2021,9,27,11,108
188956,2021,9,27,12,62
188981,2021,9,27,13,70
189004,2021,9,27,14,48
189023,2021,9,27,15,100
189058,2021,9,27,16,73
189077,2021,9,27,17,11
189766,2021,9,28,8,58
189787,2021,9,28,10,47
189808,2021,9,28,11,66
189830,2021,9,28,12,98
189862,2021,9,28,13,30
189875,2021,9,28,14,97
189904,2021,9,28,15,135
189945,2021,9,28,16,77
189964,2021,9,28,17,19
190393,2021,9,29,8,141
190458,2021,9,29,9,131
190519,2021,9,29,10,200
190584,2021,9,29,11,108
190620,2021,9,29,12,56
190645,2021,9,29,13,48
190664,2021,9,29,14,57
190687,2021,9,29,15,107
190727,2021,9,29,16,21
190733,2021,9,29,17,2
190734,2021,9,29,19,5
191269,2021,9,30,8,208
191363,2021,9,30,9,125
191411,2021,9,30,10,160
191468,2021,9,30,11,92
191496,2021,9,30,12,89
191531,2021,9,30,13,25
191539,2021,9,30,14,49
191559,2021,9,30,15,88
191594,2021,9,30,16,33
192138,2021,10,1,8,192
192221,2021,10,1,9,160
192283,2021,10,1,10,97
192310,2021,10,1,11,75
192333,2021,10,1,12,38
192345,2021,10,1,13,45
192360,2021,10,1,14,76
192390,2021,10,1,15,49
192405,2021,10,1,16,65
192421,2021,10,1,17,8
